,smiles,value,preds
0,Brc1ccc(-c2nc3ccc(Nc4ccnc5ccccc45)cc3[nH]2)cc1,True,0.0902705758908223
1064,CCc1ccc(-c2nc3ccc(Nc4ccnc5ccccc45)cc3[nH]2)cc1,False,0.10585490635825491
1065,CCc1ccc(-c2nc3ccc(Nc4ncnc5ccccc45)cc3[nH]2)cc1,False,0.13940513655996267
3722,COc1ccccc1-c1nc2ccc(Nc3ccnc4ccccc34)cc2[nH]1,False,0.043693271900913135
4159,Cc1ccc(-c2nc3ccc(Nc4ccnc5ccccc45)cc3[nH]2)cc1,False,0.08722165421783995
4438,Cc1cccc(-c2nc3ccc(Nc4ccnc5ccccc45)cc3[nH]2)c1,False,0.1088621261870491
4627,Cc1ccccc1-c1nc2ccc(Nc3ccnc4ccccc34)cc2[nH]1,False,0.07554127214822036
4628,Cc1ccccc1-c1nc2ccc(Nc3ncnc4ccccc34)cc2[nH]1,False,0.10113947336192294
4849,Clc1cc(Cl)cc(-c2nc3ccc(Nc4ccnc5ccccc45)cc3[nH]2)c1,True,0.09011606849849806
4850,Clc1cc(Cl)cc(-c2nc3ccc(Nc4ncnc5ccccc45)cc3[nH]2)c1,False,0.12751438753167896
4853,Clc1ccc(-c2nc3ccc(Nc4ccnc5ccccc45)cc3[nH]2)cc1,True,0.07020609247997817
4854,Clc1ccc(-c2nc3ccc(Nc4ccnc5ccccc45)cc3[nH]2)cc1Cl,True,0.12286486683308216
4855,Clc1ccc(-c2nc3ccc(Nc4ncnc5ccccc45)cc3[nH]2)cc1,True,0.0860144654641897
4856,Clc1ccc(-c2nc3ccc(Nc4ncnc5ccccc45)cc3[nH]2)cc1Cl,True,0.16245168507794763
4882,Clc1cccc(-c2nc3ccc(Nc4ccnc5ccccc45)cc3[nH]2)c1,False,0.0897300800352354
4884,Clc1cccc(Cl)c1-c1nc2ccc(Nc3ccnc4ccccc34)cc2[nH]1,False,0.08341039220041997
4888,Clc1ccccc1-c1nc2ccc(Nc3ccnc4ccccc34)cc2[nH]1,False,0.07494410131262712
4889,Clc1ccccc1-c1nc2ccc(Nc3ncnc4ccccc34)cc2[nH]1,False,0.09211773834466301
5094,FC(F)(F)c1ccc(-c2nc3ccc(Nc4ccnc5ccccc45)cc3[nH]2)cc1,False,0.035040141576488215
5095,FC(F)(F)c1ccc(-c2nc3ccc(Nc4ncnc5ccccc45)cc3[nH]2)cc1,False,0.05833648851197113
5102,FC(F)(F)c1cccc(-c2nc3ccc(Nc4ccnc5ccccc45)cc3[nH]2)c1,False,0.0479871122087846
5103,FC(F)(F)c1cccc(-c2nc3ccc(Nc4ncnc5ccccc45)cc3[nH]2)c1,False,0.07620458762679716
5113,FC(F)(F)c1ccccc1-c1nc2ccc(Nc3ccnc4ccccc34)cc2[nH]1,False,0.0525729570902913
5114,FC(F)(F)c1ccccc1-c1nc2ccc(Nc3ncnc4ccccc34)cc2[nH]1,False,0.08115049890259997
5117,Fc1ccc(-c2nc3ccc(Nc4ccnc5ccccc45)cc3[nH]2)cc1,False,0.08224772704230358
5120,Fc1ccc(Br)c(-c2nc3ccc(Nc4ccnc5ccccc45)cc3[nH]2)c1,False,0.2572506053319657
5134,Fc1cccc(-c2nc3ccc(Nc4ccnc5ccccc45)cc3[nH]2)c1,False,0.10297063052672879
5141,Fc1ccccc1-c1nc2ccc(Nc3ccnc4ccccc34)cc2[nH]1,False,0.07484211165387819
5142,Fc1ccccc1-c1nc2ccc(Nc3ncnc4ccccc34)cc2[nH]1,False,0.11742391774309173
6174,Oc1ccccc1-c1nc2ccc(Nc3ccnc4ccccc34)cc2[nH]1,False,0.19768802392391085
6237,c1ccc(-c2nc3ccc(Nc4ccnc5ccccc45)cc3[nH]2)cc1,False,0.03558846381115967
4886,Clc1cccc(Nc2ncnc3ccc(NCc4ccc5c(c4)OCCCCO5)cc23)c1,False,0.2518900789900131
4887,Clc1cccc(Nc2ncnc3ccc(NCc4ccc5c(c4)OCO5)cc23)c1,False,0.16915020357503946
869,CCNc1cccc(OC2=CC(=O)C(Nc3ncnc4cc(OCCOC)c(OC)cc34)=CC2=O)c1,True,0.7987104913381003
982,CCOc1cc2ncnc(NC3=CC(=O)C(OC(CF)CF)=CC3=O)c2cc1NC(=O)/C=C/CN(C)C,True,0.9407511323000416
1856,COC1=CC(=O)C(Nc2ncnc3cc(OCC4CCN(C)CC4)c(OC)cc23)=CC1=O,True,0.7331593638454985
1926,COCCOc1cc2ncnc(NC3=C(Sc4ccccn4)C(=O)C=C(OC)C3=O)c2cc1OC,False,0.2773376070238659
1932,COCCOc1cc2ncnc(NC3=CC(=O)C(Cl)=C(OCC4CC4)C3=O)c2cc1OC,True,0.9287067517573804
1944,COCCOc1cc2ncnc(NC3=CC(=O)C(OC(CF)CF)=C(OC)C3=O)c2cc1OC,True,0.6474338828384069
1946,COCCOc1cc2ncnc(NC3=CC(=O)C(OC(c4ccccc4)C(F)(F)F)=CC3=O)c2cc1OC,True,0.35311471277096446
1950,COCCOc1cc2ncnc(NC3=CC(=O)C(OCC#Cc4ccccc4)=CC3=O)c2cc1OC,True,0.8879629158771969
1957,COCCOc1cc2ncnc(NC3=CC(=O)C(OCc4cccc(OC)c4)=CC3=O)c2cc1OC,True,0.6989426856137287
1958,COCCOc1cc2ncnc(NC3=CC(=O)C(OCc4ccccc4)=CC3=O)c2cc1OC,True,0.7274458412958615
1960,COCCOc1cc2ncnc(NC3=CC(=O)C(OCc4cccnc4)=CC3=O)c2cc1OC,True,0.850782164708155
1961,COCCOc1cc2ncnc(NC3=CC(=O)C(Oc4ccc(-n5ccnc5)cc4)=CC3=O)c2cc1OC,True,0.9278416448735125
2620,COc1cc2c(NC3=CC(=O)C(OC(CF)CF)=CC3=O)ncnc2cc1OCC1CCN(C)CC1,True,0.9398999143495482
2624,COc1cc2c(NC3=CC(=O)C(OCCN(C)c4ccccc4)=CC3=O)ncnc2cc1OCC1CCN(C)CC1,True,0.8368132384600324
2626,COc1cc2c(NC3=CC(=O)C(OCc4ccccc4)=CC3=O)ncnc2cc1OCC1CCN(C)CC1,True,0.8926807998639018
3001,COc1cc2c(Oc3ccc4[nH]c(C)cc4c3F)ncnc2cc1OCCCN1CCCC1,True,0.7393388989567691
3116,COc1cc2ncnc(NCc3ccccc3)c2cc1OCCCCCCC(=O)NO,False,0.14248345264808968
2660,COc1cc2c(Nc3cc(Cl)c(Br)cc3F)ncnc2cc1OC[C@@H]1CN2CCOC[C@H]2CO1,True,0.9463881421901047
2661,COc1cc2c(Nc3cc(Cl)c(Br)cc3F)ncnc2cc1OC[C@H]1CN2CCOC[C@H]2CO1,True,0.9463881421901047
2673,COc1cc2c(Nc3cc(F)c(Br)cc3F)ncnc2cc1OCC1CN(C)CCO1,True,0.5892985249745344
2699,COc1cc2c(Nc3ccc(Br)c(Cl)c3C)ncnc2cc1OCC1CN(C)CCO1,True,0.5789205168566884
2700,COc1cc2c(Nc3ccc(Br)c(Cl)c3Cl)ncnc2cc1OCC1CN(C)C(C)(C)CO1,True,0.6330273845109978
2701,COc1cc2c(Nc3ccc(Br)c(Cl)c3Cl)ncnc2cc1OCC1CN(C)CCO1,True,0.596706495350331
2702,COc1cc2c(Nc3ccc(Br)c(Cl)c3Cl)ncnc2cc1OC[C@@H]1CN2CCC[C@H]2CO1,True,0.8915056828505746
2703,COc1cc2c(Nc3ccc(Br)c(Cl)c3Cl)ncnc2cc1OC[C@@H]1CN2CCOC[C@H]2CO1,True,0.9369267527135828
2705,COc1cc2c(Nc3ccc(Br)c(Cl)c3Cl)ncnc2cc1OC[C@H]1CN2CCCC[C@H]2CO1,True,0.9221046842277933
2712,COc1cc2c(Nc3ccc(Br)c(Cl)c3F)ncnc2cc1OC[C@@H]1CN2CCC[C@H]2CO1,True,0.901770754808076
2713,COc1cc2c(Nc3ccc(Br)c(Cl)c3F)ncnc2cc1OC[C@@H]1CN2CCOC[C@H]2CO1,True,0.945029569734244
2714,COc1cc2c(Nc3ccc(Br)c(Cl)c3F)ncnc2cc1OC[C@H]1CN2CCOC[C@H]2CO1,True,0.945029569734244
2716,COc1cc2c(Nc3ccc(Br)c(F)c3F)ncnc2cc1OCC1CN(C)CCO1,True,0.5897830324423146
2717,COc1cc2c(Nc3ccc(Br)cc3Br)ncnc2cc1OCC1CN(C)CCO1,True,0.5611595700892233
2892,COc1cc2c(Nc3ccc(Cl)c(Cl)c3F)ncnc2cc1OC[C@@H]1CN2CCCC[C@@H]2C(=O)N1,True,0.6709879942469043
2893,COc1cc2c(Nc3ccc(Cl)c(Cl)c3F)ncnc2cc1OC[C@@H]1CN2CCCC[C@H]2C(=O)N1,True,0.6709879942469043
2922,COc1cc2c(Nc3ccc(N4CCN(C)CC4)c(Cl)c3Cl)ncnc2cc1O[C@H]1CO[C@@H]2[C@@H](F)CO[C@H]12,False,0.10241267320960483
2965,COc1cc2c(Nc3cccc(Br)c3C)ncnc2cc1OCC1CN(C)CCO1,True,0.4350305661672644
2967,COc1cc2c(Nc3cccc(Br)c3Cl)ncnc2cc1OCC1CN(C)CCO1,True,0.4960289817408529
2970,COc1cc2c(Nc3cccc(Cl)c3Cl)ncnc2cc1OCC1CN(C(C)=N)CCCO1,True,0.6238818255908282
2971,COc1cc2c(Nc3cccc(Cl)c3F)ncnc2cc1OCC1CN(/C(N)=N/C#N)CCCO1,True,0.7645321279211268
10,C#CCO/N=C/c1c(N)ncnc1Oc1ccc2[nH]c(C)cc2c1F,True,0.9784905339537621
236,C=CCO/N=C/c1c(N)ncnc1Oc1ccc2[nH]c(C)cc2c1F,True,0.9392101445919275
606,CCCCO/N=C/c1c(N)ncnc1Oc1ccc2[nH]c(C)cc2c1F,True,0.8383349597176176
640,CCCO/N=C/c1c(N)ncnc1Oc1ccc2[nH]c(C)cc2c1F,True,0.8770880237176814
877,CCO/N=C/c1c(N)ncnc1Oc1ccc2[nH]c(C)cc2c1F,True,0.7297121595024371
1547,CNCCO/N=C/c1c(N)ncnc1Oc1ccc2[nH]c(C)cc2c1F,True,0.827948429645649
1675,CO/N=C/c1c(N)ncnc1Oc1cc2cc[nH]c2cc1F,True,0.7685388878205047
1677,CO/N=C/c1c(N)ncnc1Oc1ccc2[nH]c(C)cc2c1,True,0.5665361955154822
1678,CO/N=C/c1c(N)ncnc1Oc1ccc2[nH]cc(C)c2c1,False,0.6986430469255854
1679,CO/N=C/c1c(N)ncnc1Oc1ccc2[nH]ccc2c1,True,0.6461308213780518
1680,CO/N=C/c1c(N)ncnc1Oc1ccc2[nH]ccc2c1F,True,0.7324780072883708
1879,COCCCO/N=C/c1c(N)ncnc1Oc1ccc2[nH]c(C)cc2c1F,True,0.8399668223365421
1911,COCCO/N=C/c1c(N)ncnc1Oc1ccc2[nH]c(C)cc2c1F,True,0.7993444220142689
2016,COC[C@@H](O)COc1cn2ncnc(Oc3ccc4[nH]c(C)cc4c3F)c2c1C,True,0.5850500291476012
4107,Cc1cc2c(F)c(Oc3ncnc(N)c3/C=N/O)ccc2[nH]1,True,0.8595255843030192
4108,Cc1cc2c(F)c(Oc3ncnc(N)c3/C=N/OCC3CCCCC3)ccc2[nH]1,True,0.9605141392440365
4109,Cc1cc2c(F)c(Oc3ncnc(N)c3/C=N/OCCCN(C)C)ccc2[nH]1,True,0.9006244661729204
4110,Cc1cc2c(F)c(Oc3ncnc(N)c3/C=N/OCCCO)ccc2[nH]1,True,0.8882903002617195
4111,Cc1cc2c(F)c(Oc3ncnc(N)c3/C=N/OCCN(C)C)ccc2[nH]1,True,0.7502198955140821
4112,Cc1cc2c(F)c(Oc3ncnc(N)c3/C=N/OCCN3CCCC3)ccc2[nH]1,True,0.9275700563937127
4113,Cc1cc2c(F)c(Oc3ncnc(N)c3/C=N/OCCN3CCOCC3)ccc2[nH]1,True,0.97272608890001
4114,Cc1cc2c(F)c(Oc3ncnc(N)c3/C=N/OCCO)ccc2[nH]1,True,0.8660984877220907
4115,Cc1cc2c(F)c(Oc3ncnc(N)c3/C=N/OCc3ccccc3)ccc2[nH]1,True,0.7276867746057955
4116,Cc1cc2c(F)c(Oc3ncnn4cc(O)c(C)c34)ccc2[nH]1,True,0.8030077767068774
4118,Cc1cc2c(F)c(Oc3ncnn4cc(OCCCN5CCCC5)c(C)c34)ccc2[nH]1,True,0.9023914435593517
4119,Cc1cc2c(F)c(Oc3ncnn4cc(OCCCN5CCCCC5)c(C)c34)ccc2[nH]1,True,0.9298548574178677
4121,Cc1cc2c(F)c(Oc3ncnn4cc(OCCCS(C)(=O)=O)c(C)c34)ccc2[nH]1,True,0.8643234382893751
4123,Cc1cc2c(F)c(Oc3ncnn4cc(OC[C@@H](C)O)c(C)c34)ccc2[nH]1,True,0.6062431885552084
4126,Cc1cc2c(F)c(Oc3ncnn4cc(OC[C@H](C)O)c(C)c34)ccc2[nH]1,True,0.6062431885552084
19,C#Cc1cccc(Nc2ncnc3c2NCc2cc(OC)c(OC)cc2O3)c1,False,0.1334514319653946
3007,COc1cc2c(cc1OC)Oc1nc(C)nc(Nc3cccc(Br)c3)c1NC2,False,0.05626167409347529
3008,COc1cc2c(cc1OC)Oc1nc(C)nc(Nc3cccc(Cl)c3F)c1NC2,False,0.08525040290340392
3009,COc1cc2c(cc1OC)Oc1ncnc(Nc3cc(Cl)ccc3F)c1NC2,False,0.07828459730549599
3010,COc1cc2c(cc1OC)Oc1ncnc(Nc3ccc(Br)cc3)c1NC2,False,0.04057440517698131
3012,COc1cc2c(cc1OC)Oc1ncnc(Nc3ccc(F)cc3)c1NC2,False,0.02381625313078331
3013,COc1cc2c(cc1OC)Oc1ncnc(Nc3ccc(F)cc3Cl)c1NC2,False,0.07267000296261915
3014,COc1cc2c(cc1OC)Oc1ncnc(Nc3ccc4c[nH]nc4c3)c1NC2,False,0.15205436129720615
3015,COc1cc2c(cc1OC)Oc1ncnc(Nc3ccc4ccccc4c3)c1NC2,False,0.050941295727515795
3016,COc1cc2c(cc1OC)Oc1ncnc(Nc3ccc4ncsc4c3)c1NC2,False,0.03577422118124587
3017,COc1cc2c(cc1OC)Oc1ncnc(Nc3cccc(Br)c3)c1NC2,False,0.05654794618050329
3018,COc1cc2c(cc1OC)Oc1ncnc(Nc3cccc(C)c3)c1NC2,False,0.0276595186228758
3019,COc1cc2c(cc1OC)Oc1ncnc(Nc3cccc(Cl)c3F)c1NC2,False,0.08849948362248364
3022,COc1cc2c(cc1OC)Oc1ncnc(Oc3cccc(Br)c3)c1NC2,False,0.06998391185748835
3023,COc1cc2c(cc1OC)Oc1ncnc(Oc3cccc(Cl)c3F)c1NC2,False,0.09309147234770299
3024,COc1cc2c(cc1OC)Oc1ncnc(Sc3cccc(Br)c3)c1NC2,False,0.1012372354962196
3025,COc1cc2c(cc1OC)Oc1ncnc(Sc3cccc(Cl)c3)c1NC2,False,0.06343526173619635
194,C=CC(=O)Nc1cc2c(Nc3ccc(Br)cc3F)ncnc2cc1OCCOC,True,0.6042902777305261
2975,COc1cc2c(Nc3cccc(F)c3)ncnc2cc1OCCOCCNC(=O)Cn1cnc([N+](=O)[O-])n1,False,0.6538929465460402
21,C(#Cc1cc(-c2n[nH]c3c2Cc2cc(CN4CCSC4)ccc2-3)cs1)COc1ccccc1,True,0.5227843916075173
22,C(#Cc1cc(-c2n[nH]c3c2Cc2cc(Cn4cccn4)ccc2-3)cs1)COc1ccccc1,True,0.8728208233805118
23,C(#Cc1cc(-c2n[nH]c3c2Cc2cc(Cn4ccnc4)ccc2-3)cs1)COc1ccccc1,True,0.9133600589615549
24,C(#Cc1cc(-c2n[nH]c3c2Cc2cc(Cn4ccnn4)ccc2-3)cs1)COc1ccccc1,True,0.8760386839530568
25,C(#Cc1cc(-c2n[nH]c3c2Cc2cc(Cn4cncn4)ccc2-3)cs1)COc1ccccc1,True,0.8655737830901812
26,C(#Cc1cc(-c2n[nH]c3c2Cc2ccccc2-3)cs1)COc1ccccc1,False,0.6195353528893784
251,CC#Cc1cc(-c2n[nH]c3c2Cc2cc(CN4CCN(C)CC4)ccc2-3)cs1,False,0.35857185001008984
552,CC1CCN(Cc2ccc3c(c2)Cc2c(-c4csc(C#CCOc5ccccc5)c4)n[nH]c2-3)CC1,True,0.9167454503450987
570,CCCC#Cc1cc(-c2n[nH]c3c2Cc2cc(CN4CCN(C)CC4)ccc2-3)cs1,True,0.3661735285115449
1115,CN(C)C(=O)COc1ccc2c(c1)Cc1c(-c3csc(C#CCOc4ccccc4)c3)n[nH]c1-2,True,0.6024356127744732
1227,CN1CCC(Cc2ccc3c(c2)Cc2c(-c4csc(C#CCOc5ccccc5)c4)n[nH]c2-3)CC1,True,0.9251536640915646
1252,CN1CCN(C(=O)c2ccc3c(c2)Cc2c(-c4csc(C#CCOc5ccccc5)c4)n[nH]c2-3)CC1,True,0.6892095378155553
1275,CN1CCN(CCc2ccc3c(c2)Cc2c(-c4csc(C#CCOc5ccccc5)c4)n[nH]c2-3)CC1,True,0.7143884586207356
1298,CN1CCN(Cc2ccc3c(c2)-c2[nH]nc(-c4ccccc4)c2C3)CC1,True,0.08893839166617667
1299,CN1CCN(Cc2ccc3c(c2)-c2[nH]nc(-c4ccsc4)c2C3)CC1,True,0.17986647148353418
1300,CN1CCN(Cc2ccc3c(c2)-c2[nH]nc(-c4csc(C#CCOc5ccccc5)c4)c2C3)CC1,True,0.6263641629199118
1308,CN1CCN(Cc2ccc3c(c2)Cc2c(-c4cc(C#CCOc5ccccc5)cs4)n[nH]c2-3)CC1,True,0.6405204073102568
1309,CN1CCN(Cc2ccc3c(c2)Cc2c(-c4cc5ccccc5s4)n[nH]c2-3)CC1,False,0.21346416160329112
1310,CN1CCN(Cc2ccc3c(c2)Cc2c(-c4ccc(C#CCOc5ccccc5)cc4)n[nH]c2-3)CC1,True,0.4835369050306688
1311,CN1CCN(Cc2ccc3c(c2)Cc2c(-c4ccc(C#CCOc5ccccc5)s4)n[nH]c2-3)CC1,True,0.5982969874506555
1317,CN1CCN(Cc2ccc3c(c2)Cc2c(-c4ccc(CNC(=O)Oc5ccccc5)s4)n[nH]c2-3)CC1,False,0.450174105479354
1318,CN1CCN(Cc2ccc3c(c2)Cc2c(-c4ccc(O)cc4)n[nH]c2-3)CC1,True,0.3273704177503244
1319,CN1CCN(Cc2ccc3c(c2)Cc2c(-c4cccc(C#CCOc5ccccc5)c4)n[nH]c2-3)CC1,True,0.5037546934619115
1320,CN1CCN(Cc2ccc3c(c2)Cc2c(-c4ccccc4)n[nH]c2-3)CC1,True,0.08694586359319403
1321,CN1CCN(Cc2ccc3c(c2)Cc2c(-c4cccnc4)n[nH]c2-3)CC1,False,0.16601395171510677
1322,CN1CCN(Cc2ccc3c(c2)Cc2c(-c4cccs4)n[nH]c2-3)CC1,False,0.16113147429331373
1323,CN1CCN(Cc2ccc3c(c2)Cc2c(-c4ccsc4)n[nH]c2-3)CC1,True,0.17622836609713627
1324,CN1CCN(Cc2ccc3c(c2)Cc2c(-c4cncs4)n[nH]c2-3)CC1,False,0.10926525329142424
1325,CN1CCN(Cc2ccc3c(c2)Cc2c(-c4csc(C#CCC(C)(C)O)c4)n[nH]c2-3)CC1,False,0.53837011442468
1326,CN1CCN(Cc2ccc3c(c2)Cc2c(-c4csc(C#CCCO)c4)n[nH]c2-3)CC1,True,0.6562165594000373
1327,CN1CCN(Cc2ccc3c(c2)Cc2c(-c4csc(C#CCCOc5ccccc5)c4)n[nH]c2-3)CC1,True,0.7461927400585883
1328,CN1CCN(Cc2ccc3c(c2)Cc2c(-c4csc(C#CCCc5ccccc5)c4)n[nH]c2-3)CC1,True,0.6023723369117049
1329,CN1CCN(Cc2ccc3c(c2)Cc2c(-c4csc(C#CCNC(=O)Nc5ccccc5)c4)n[nH]c2-3)CC1,True,0.7954656848058324
1330,CN1CCN(Cc2ccc3c(c2)Cc2c(-c4csc(C#CCNC(=O)Oc5ccccc5)c4)n[nH]c2-3)CC1,True,0.7413566111264175
1331,CN1CCN(Cc2ccc3c(c2)Cc2c(-c4csc(C#CCNC(=O)c5ccccc5)c4)n[nH]c2-3)CC1,True,0.6993700138586878
1332,CN1CCN(Cc2ccc3c(c2)Cc2c(-c4csc(C#CCNS(=O)(=O)c5ccccc5)c4)n[nH]c2-3)CC1,True,0.5136587755586093
1333,CN1CCN(Cc2ccc3c(c2)Cc2c(-c4csc(C#CCNc5ccccc5)c4)n[nH]c2-3)CC1,True,0.5463541933161611
1334,CN1CCN(Cc2ccc3c(c2)Cc2c(-c4csc(C#CCOCC(N)=O)c4)n[nH]c2-3)CC1,False,0.4746936658989962
1335,CN1CCN(Cc2ccc3c(c2)Cc2c(-c4csc(C#CCOc5ccc(Cl)cc5)c4)n[nH]c2-3)CC1,True,0.7558653490245459
1336,CN1CCN(Cc2ccc3c(c2)Cc2c(-c4csc(C#CCOc5cccc(Cl)c5)c4)n[nH]c2-3)CC1,True,0.7968230235709217
1337,CN1CCN(Cc2ccc3c(c2)Cc2c(-c4csc(C#CCOc5ccccc5)c4)n[nH]c2-3)C(=O)C1,True,0.7028356055421325
1338,CN1CCN(Cc2ccc3c(c2)Cc2c(-c4csc(C#CCOc5ccccc5)c4)n[nH]c2-3)CC1,True,0.6432928190396102
1339,CN1CCN(Cc2ccc3c(c2)Cc2c(-c4csc(C#CCOc5ccccc5)c4)n[nH]c2-3)CC1=O,True,0.7006918149286846
1340,CN1CCN(Cc2ccc3c(c2)Cc2c(-c4csc(C#CCOc5ccccc5Cl)c4)n[nH]c2-3)CC1,True,0.7920820116317628
1341,CN1CCN(Cc2ccc3c(c2)Cc2c(-c4csc(C#CCOc5cccnc5)c4)n[nH]c2-3)CC1,True,0.798638723472083
1342,CN1CCN(Cc2ccc3c(c2)Cc2c(-c4csc(CNS(=O)(=O)Cc5ccccc5)c4)n[nH]c2-3)CC1,False,0.3703881471893012
1343,CN1CCN(Cc2ccc3c(c2)Cc2c(-c4csc(CNS(=O)(=O)c5ccccc5)c4)n[nH]c2-3)CC1,False,0.25700622478081614
1344,CN1CCN(Cc2ccc3c(c2)Cc2c(-c4cscn4)n[nH]c2-3)CC1,False,0.0900525262936451
1345,CN1CCN(Cc2ccc3c(c2)Cc2c(-c4nccs4)n[nH]c2-3)CC1,False,0.10889999930301547
1346,CN1CCN(Cc2ccc3c(c2)Cc2c(Nc4ccccc4)n[nH]c2-3)CC1,False,0.07010659243859939
1404,CN1CCN(c2ccc3c(c2)Cc2c(-c4csc(C#CCOc5ccccc5)c4)n[nH]c2-3)CC1,True,0.55167794779559
1871,COCC#Cc1cc(-c2n[nH]c3c2Cc2cc(CN4CCN(C)CC4)ccc2-3)cs1,True,0.4706117870278481
1914,COCCOCC#Cc1cc(-c2n[nH]c3c2C(=O)c2cc(CN4CCN(C)CC4)ccc2-3)cs1,True,0.7779558778138931
1915,COCCOCC#Cc1cc(-c2n[nH]c3c2Cc2cc(CN4CCN(C)CC4)ccc2-3)cs1,True,0.7105752117633096
1916,COCCOCC#Cc1cc(-c2n[nH]c3c2Cc2cc(Cn4cncn4)ccc2-3)cs1,True,0.9246067555080497
1917,COCCOCC#Cc1cc(-c2n[nH]c3c2Cc2ccc(CN4CCN(C)CC4)cc2-3)cs1,True,0.707945236324705
1918,COCCOCC#Cc1cc(-c2n[nH]c3c2Cc2ccc(Cn4cncn4)cc2-3)cs1,True,0.9245572643692814
1981,COCCOc1ccc2c(c1)Cc1c(-c3csc(C#CCOc4ccccc4)c3)n[nH]c1-2,True,0.7172598302761966
4158,Cc1ccc(-c2n[nH]c3c2Cc2cc(CN4CCN(C)CC4)ccc2-3)s1,False,0.17790960591641652
4417,Cc1ccc(OCC#Cc2cc(-c3n[nH]c4c3Cc3cc(CN5CCN(C)CC5)ccc3-4)cs2)cc1C,True,0.8473639442311398
4481,Cc1cccc(NC(=O)NCc2cc(-c3n[nH]c4c3Cc3cc(CN5CCN(C)CC5)ccc3-4)cs2)c1,True,0.7749480068043276
4670,Cc1ccsc1-c1n[nH]c2c1Cc1cc(CN3CCN(C)CC3)ccc1-2,False,0.19832999208479288
4690,Cc1csc(-c2n[nH]c3c2Cc2cc(CN4CCN(C)CC4)ccc2-3)c1,False,0.19863766848018516
5216,NC(=O)N1CCN(Cc2ccc3c(c2)Cc2c(-c4csc(C#CCOc5ccccc5)c4)n[nH]c2-3)CC1,True,0.44391083383876595
6272,c1cn(Cc2ccc3c(c2)-c2[nH]nc(-c4ccsc4)c2C3)cn1,True,0.7289022806870008
6236,c1ccc(-c2n[nH]c3c2Cc2ccccc2-3)cc1,False,0.10914222137240501
6276,c1csc(-c2n[nH]c3c2Cc2ccccc2-3)c1,True,0.2880068533692354
29,C/C(=N\O)c1ccc2[nH]c3c4c(c5c(c3c2c1)CNC5=O)-c1cn(C)nc1CC4,True,0.9436230308942741
30,C/C(=N\OC(C)(C)C)c1ccc2[nH]c3c4c(c5c(c3c2c1)CNC5=O)-c1cn(C)nc1CC4,True,0.9163979947655493
31,C/C(=N\OC(C)C)c1ccc2[nH]c3c4c(c5c(c3c2c1)CNC5=O)-c1cn(C)nc1CC4,True,0.9228261663526609
32,C/C(=N\OC(C)C)c1ccc2c(c1)c1c3c(c4c(c1n2C(C)C)CCc1nn(C)cc1-4)C(=O)NC3,True,0.9270442848430464
33,C/C(=N\OC(C)C)c1ccc2c(c1)c1c3c(c4c(c1n2CC(C)C)CCc1nn(C)cc1-4)C(=O)NC3,True,0.9544780927442037
34,C/C(=N\OCC(C)C)c1ccc2[nH]c3c4c(c5c(c3c2c1)CNC5=O)-c1cn(C)nc1CC4,True,0.9599385037232596
35,C/C(=N\OCC(C)C)c1ccc2c(c1)c1c3c(c4c(c1n2C(C)C)CCc1nn(C)cc1-4)C(=O)NC3,True,0.9637605034868657
36,C/C(=N\OCC(C)C)c1ccc2c(c1)c1c3c(c4c(c1n2CC(C)C)CCc1nn(C)cc1-4)C(=O)NC3,True,0.9747901029694743
241,C=CCn1c2ccc(C3CCCCO3)cc2c2c3c(c4c(c21)CCc1nn(C)cc1-4)C(=O)NC3,True,0.9548092592505419
420,CC(C)CCn1c2ccc(C3CCCCO3)cc2c2c3c(c4c(c21)CCc1nn(C)cc1-4)C(=O)NC3,True,0.9523895098055221
424,CC(C)Cn1c2ccc(C(=O)c3cccs3)cc2c2c3c(c4c(c21)CCc1nn(C)cc1-4)C(=O)NC3,True,0.9420103552713172
425,CC(C)Cn1c2ccc(C(=O)c3sccc3Br)cc2c2c3c(c4c(c21)CCc1nn(C)cc1-4)C(=O)NC3,True,0.9762525911933309
426,CC(C)Cn1c2ccc(C(=O)c3sccc3Cl)cc2c2c3c(c4c(c21)CCc1nn(C)cc1-4)C(=O)NC3,True,0.9589259641459686
428,CC(C)Cn1c2ccc(C3CCCCO3)cc2c2c3c(c4c(c21)CCc1nn(C)cc1-4)C(=O)NC3,True,0.9282292884226545
429,CC(C)Cn1c2ccc(N)cc2c2c3c(c4c(c21)CCc1nn(C)cc1-4)C(=O)NC3,True,0.8432104353185845
430,CC(C)Cn1c2ccc(NC(=O)c3ccco3)cc2c2c3c(c4c(c21)CCc1nn(C)cc1-4)C(=O)NC3,True,0.9316680262989497
431,CC(C)Cn1c2ccc(NC(=O)c3cccs3)cc2c2c3c(c4c(c21)CCc1nn(C)cc1-4)C(=O)NC3,True,0.9267737565927576
434,CC(C)Cn1c2ccc(Nc3ncccn3)cc2c2c3c(c4c(c21)CCc1nn(C)cc1-4)C(=O)NC3,True,0.9143802402902644
517,CC(C)n1c2ccc(C3CCCCO3)cc2c2c3c(c4c(c21)CCc1nn(C)cc1-4)C(=O)NC3,True,0.8919891296648597
518,CC(C)n1c2ccc(Nc3cccnn3)cc2c2c3c(c4c(c21)CCc1nn(C)cc1-4)C(=O)NC3,True,0.8565255395835017
519,CC(C)n1c2ccc(Nc3ccncc3)cc2c2c3c(c4c(c21)CCc1nn(C)cc1-4)C(=O)NC3,True,0.775197846260305
520,CC(C)n1c2ccc(Nc3ncccn3)cc2c2c3c(c4c(c21)CCc1nn(C)cc1-4)C(=O)NC3,True,0.8670942552509591
590,CCCCCn1c2ccc(C3CCCCO3)cc2c2c3c(c4c(c21)CCc1nn(C)cc1-4)C(=O)NC3,True,0.8539968936065386
620,CCCCn1c2ccc(/C(C)=N/OC)cc2c2c3c(c4c(c21)CCc1nn(C)cc1-4)C(=O)NC3,True,0.9182380412404079
622,CCCCn1c2ccc(C3CCCCO3)cc2c2c3c(c4c(c21)CCc1nn(C)cc1-4)C(=O)NC3,True,0.8838246408388918
623,CCCCn1c2ccc(N)cc2c2c3c(c4c(c21)CCc1nn(C)cc1-4)C(=O)NC3,True,0.743711649279615
624,CCCCn1c2ccc(NC(=O)Nc3ccc(OC)cc3)cc2c2c3c(c4c(c21)CCc1nn(C)cc1-4)C(=O)NC3,True,0.7702816049637672
644,CCCOC(=O)Nc1ccc2c(c1)c1c3c(c4c(c1n2CCC)CCc1nn(C)cc1-4)C(=O)NC3,True,0.8941444105454897
655,CCCn1c2ccc(/C(C)=N/OC)cc2c2c3c(c4c(c21)CCc1nn(C)cc1-4)C(=O)NC3,True,0.946006200455335
657,CCCn1c2ccc(C3CCCCO3)cc2c2c3c(c4c(c21)CCc1nn(C)cc1-4)C(=O)NC3,True,0.9139760703861817
658,CCCn1c2ccc(N)cc2c2c3c(c4c(c21)CCc1nn(C)cc1-4)C(=O)NC3,True,0.826953700578231
659,CCCn1c2ccc(NC(=O)N(C)c3ccccc3)cc2c2c3c(c4c(c21)CCc1nn(C)cc1-4)C(=O)NC3,True,0.8640462635599893
661,CCCn1c2ccc(NC(=O)Nc3cc(C)ccc3F)cc2c2c3c(c4c(c21)CCc1nn(C)cc1-4)C(=O)NC3,True,0.956661654693014
663,CCCn1c2ccc(NC(=O)Nc3ccc(Cl)cc3)cc2c2c3c(c4c(c21)CCc1nn(C)cc1-4)C(=O)NC3,True,0.8857149430732727
664,CCCn1c2ccc(NC(=O)Nc3ccc(F)cc3)cc2c2c3c(c4c(c21)CCc1nn(C)cc1-4)C(=O)NC3,True,0.9123055264149141
665,CCCn1c2ccc(NC(=O)Nc3ccc(N(C)C)cc3)cc2c2c3c(c4c(c21)CCc1nn(C)cc1-4)C(=O)NC3,True,0.8346367010836506
666,CCCn1c2ccc(NC(=O)Nc3ccc(OC)cc3)cc2c2c3c(c4c(c21)CCc1nn(C)cc1-4)C(=O)NC3,True,0.836372995939915
667,CCCn1c2ccc(NC(=O)Nc3ccc(SC)cc3)cc2c2c3c(c4c(c21)CCc1nn(C)cc1-4)C(=O)NC3,True,0.7254681184301099
668,CCCn1c2ccc(NC(=O)Nc3cccc(F)c3)cc2c2c3c(c4c(c21)CCc1nn(C)cc1-4)C(=O)NC3,True,0.9273336846194312
669,CCCn1c2ccc(NC(=O)Nc3ccccc3)cc2c2c3c(c4c(c21)CCc1nn(C)cc1-4)C(=O)NC3,True,0.8602327449167848
670,CCCn1c2ccc(NC(=O)Nc3ccccc3Br)cc2c2c3c(c4c(c21)CCc1nn(C)cc1-4)C(=O)NC3,True,0.9527597385059255
671,CCCn1c2ccc(NC(=O)Nc3ccccc3Cl)cc2c2c3c(c4c(c21)CCc1nn(C)cc1-4)C(=O)NC3,True,0.9231460249118416
672,CCCn1c2ccc(NC(=O)Nc3ccccc3F)cc2c2c3c(c4c(c21)CCc1nn(C)cc1-4)C(=O)NC3,True,0.9370009807175245
673,CCCn1c2ccc(NC(=O)Nc3cccs3)cc2c2c3c(c4c(c21)CCc1nn(C)cc1-4)C(=O)NC3,True,0.9439336029412353
674,CCCn1c2ccc(NC(=O)OC(C)C)cc2c2c3c(c4c(c21)CCc1nn(C)cc1-4)C(=O)NC3,True,0.8674236098120818
675,CCCn1c2ccc(NC(=O)OCC)cc2c2c3c(c4c(c21)CCc1nn(C)cc1-4)C(=O)NC3,True,0.8557824588152535
676,CCCn1c2ccc(NC(=O)Oc3ccc(F)cc3)cc2c2c3c(c4c(c21)CCc1nn(C)cc1-4)C(=O)NC3,True,0.9048765539848097
677,CCCn1c2ccc(NC(=O)Oc3ccc(OC)cc3)cc2c2c3c(c4c(c21)CCc1nn(C)cc1-4)C(=O)NC3,True,0.7735138604802915
678,CCCn1c2ccc(NC(=O)c3ccco3)cc2c2c3c(c4c(c21)CCc1nn(C)cc1-4)C(=O)NC3,True,0.9191198156072052
679,CCCn1c2ccc(NC(=O)c3cccs3)cc2c2c3c(c4c(c21)CCc1nn(C)cc1-4)C(=O)NC3,True,0.9179396186918178
680,CCCn1c2ccc(Nc3ncc(CC)cn3)cc2c2c3c(c4c(c21)CCc1nn(C)cc1-4)C(=O)NC3,True,0.9453611512076265
681,CCCn1c2ccc(Nc3ncccn3)cc2c2c3c(c4c(c21)CCc1nn(C)cc1-4)C(=O)NC3,True,0.8995261127059871
760,CCN(CC)CCn1c2ccc(C3CCCCO3)cc2c2c3c(c4c(c21)CCc1nn(C)cc1-4)C(=O)NC3,True,0.864786340833219
873,CCO/N=C(/c1ccc2[nH]c3c4c(c5c(c3c2c1)CNC5=O)-c1cn(C)nc1CC4)C(C)C,True,0.9579888000506341
874,CCO/N=C(\C)c1ccc2[nH]c3c4c(c5c(c3c2c1)CNC5=O)-c1cn(C)nc1CC4,True,0.9322089845030547
875,CCO/N=C(\C)c1ccc2c(c1)c1c3c(c4c(c1n2C(C)C)CCc1nn(C)cc1-4)C(=O)NC3,True,0.9432504797994385
876,CCO/N=C(\C)c1ccc2c(c1)c1c3c(c4c(c1n2CC(C)C)CCc1nn(C)cc1-4)C(=O)NC3,True,0.9602017772651805
878,CCO/N=C/c1ccc2[nH]c3c4c(c5c(c3c2c1)CNC5=O)-c1cn(C)nc1CC4,True,0.9447782653246765
959,CCOCCn1c2ccc(C3CCCCO3)cc2c2c3c(c4c(c21)CCc1nn(C)cc1-4)C(=O)NC3,True,0.9225649800397154
1086,CCc1cnc(Nc2ccc3c(c2)c2c4c(c5c(c2n3CC(C)C)CCc2nn(C)cc2-5)C(=O)NC4)nc1,True,0.9574207718178365
1099,CCn1c2ccc(/C(C)=N/OC)cc2c2c3c(c4c(c21)CCc1nn(C)cc1-4)C(=O)NC3,True,0.9276136902788336
1100,CCn1c2ccc(/C(C)=N/OCC(C)C)cc2c2c3c(c4c(c21)CCc1nn(C)cc1-4)C(=O)NC3,True,0.966287800114052
1102,CCn1c2ccc(C3CCCCO3)cc2c2c3c(c4c(c21)CCc1nn(C)cc1-4)C(=O)NC3,True,0.882130409506975
1103,CCn1c2ccc(NC(=O)Nc3ccc(OC)cc3)cc2c2c3c(c4c(c21)CCc1nn(C)cc1-4)C(=O)NC3,True,0.7756486896899704
1670,CO/N=C(/c1ccc2[nH]c3c4c(c5c(c3c2c1)CNC5=O)-c1cn(C)nc1CC4)C(C)C,True,0.9462227809794155
1671,CO/N=C(\C)c1ccc2[nH]c3c4c(c5c(c3c2c1)CNC5=O)-c1cn(C)nc1CC4,True,0.9123664258293187
1672,CO/N=C(\C)c1ccc2c(c1)c1c3c(c4c(c1n2C(C)C)CCc1nn(C)cc1-4)C(=O)NC3,True,0.9268099551072579
1673,CO/N=C(\C)c1ccc2c(c1)c1c3c(c4c(c1n2C)CCc1nn(C)cc1-4)C(=O)NC3,True,0.9226552166077507
1674,CO/N=C(\C)c1ccc2c(c1)c1c3c(c4c(c1n2CC(C)C)CCc1nn(C)cc1-4)C(=O)NC3,True,0.950251528591967
1684,CO/N=C/c1ccc2[nH]c3c4c(c5c(c3c2c1)CNC5=O)-c1cn(C)nc1CC4,True,0.9391719874934333
3556,COc1ccc(NC(=O)Nc2ccc3c(c2)c2c4c(c5c(c2n3CC(C)C)CCc2nn(C)cc2-5)C(=O)NC4)cc1,True,0.8535060911093673
3692,COc1cccc(NC(=O)Nc2ccc3c(c2)c2c4c(c5c(c2n3CC(C)C)CCc2nn(C)cc2-5)C(=O)NC4)c1,True,0.889703636716291
3731,COc1ccccc1NC(=O)Nc1ccc2c(c1)c1c3c(c4c(c1n2CC(C)C)CCc1nn(C)cc1-4)C(=O)NC3,True,0.9008552105681286
3741,COc1ccnc(Nc2ccc3c(c2)c2c4c(c5c(c2n3CC(C)C)CCc2nn(C)cc2-5)C(=O)NC4)n1,True,0.9087590629783187
4047,Cc1cc(C)nc(Nc2ccc3c(c2)c2c4c(c5c(c2n3CC(C)C)CCc2nn(C)cc2-5)C(=O)NC4)n1,False,0.9017591809719016
4674,Cc1ccsc1C(=O)c1ccc2c(c1)c1c3c(c4c(c1n2CC(C)C)CCc1nn(C)cc1-4)C(=O)NC3,True,0.9617111467950124
4976,Cn1cc2c(n1)CCc1c-2c2c(c3c1[nH]c1ccc(C4CCCCO4)cc13)CNC2=O,True,0.8844647941817061
4977,Cn1cc2c(n1)CCc1c-2c2c(c3c4cc(C5CCCCO5)ccc4n(C)c13)CNC2=O,True,0.8804533072074003
4978,Cn1cc2c(n1)CCc1c-2c2c(c3c4cc(C5CCCCO5)ccc4n(C4CCCC4)c13)CNC2=O,True,0.9640137920604678
4979,Cn1cc2c(n1)CCc1c-2c2c(c3c4cc(C5CCCCO5)ccc4n(C4CCCCC4)c13)CNC2=O,True,0.9750447127952068
4980,Cn1cc2c(n1)CCc1c-2c2c(c3c4cc(C5CCCCO5)ccc4n(CC4CCCCC4)c13)CNC2=O,True,0.9849712545770073
4981,Cn1cc2c(n1)CCc1c-2c2c(c3c4cc(C5CCCCO5)ccc4n(CCCO)c13)CNC2=O,True,0.880951272015331
4982,Cn1cc2c(n1)CCc1c-2c2c(c3c4cc(C5CCCCO5)ccc4n(CCO)c13)CNC2=O,True,0.848958728973746
5070,Cn1ncc2c1CCc1c-2c2c(c3c1[nH]c1ccc(C4CCCCO4)cc13)CNC2=O,True,0.8711289024400677
6091,O=C1NCc2c1c1c(c3[nH]c4ccccc4c23)Cc2ccccc2-1,True,0.4782100369161185
432,CC(C)Cn1c2ccc(Nc3nccc(C(F)(F)F)n3)cc2c2c3c(c4c(c21)CCc1nn(C)cc1-4)C(=O)NC3,True,0.8421085050266207
450,CC(C)Oc1ccc2c(c1)CCc1c-2c2c(c3c4ccccc4n(CCO)c13)CNC2=O,False,0.541111700073803
516,CC(C)n1c2ccc(C3CCCCO3)cc2c2c3c(c4c(c21)CCc1c-4cnn1C)C(=O)NC3,True,0.8856609941228039
660,CCCn1c2ccc(NC(=O)Nc3cc(C(F)(F)F)ccc3F)cc2c2c3c(c4c(c21)CCc1nn(C)cc1-4)C(=O)NC3,True,0.9293086688698299
427,CC(C)Cn1c2ccc(C3CCCCO3)cc2c2c3c(c4c(c21)CCc1c-4cnn1C)C(=O)NC3,True,0.9238421139374307
433,CC(C)Cn1c2ccc(Nc3ncccn3)cc2c2c3c(c4c(c21)CCc1c-4cnn1C)C(=O)NC3,True,0.909227717338426
443,CC(C)OCc1ccc2c(c1)c1c3c(c4c(c1n2CCCCC(=O)N(C)C)Cc1ccccc1-4)C(=O)NC3,True,0.7818260573385908
444,CC(C)OCc1ccc2c(c1)c1c3c(c4c(c1n2CCCO)Cc1ccccc1-4)C(=O)NC3,True,0.6979345451329544
1101,CCn1c2ccc(C3CCCCO3)cc2c2c3c(c4c(c21)CCc1c-4cnn1C)C(=O)NC3,True,0.8753020374875384
3644,COc1ccc2c(c1)CCc1c-2c2c(c3c4ccccc4n(CCO)c13)CNC2=O,False,0.37948574122960527
5073,Cn1ncc2c1CCc1c-2c2c(c3c4cc(C5CCCCO5)ccc4n(CCO)c13)CNC2=O,True,0.8454622210141793
39,C=C(C)C(=O)Nc1cc2c(Nc3ccc(Br)cc3F)ncnc2cc1OCCNC(C)=O,False,0.6787901068022213
44,C=CC(=O)N(C)c1cc2c(Nc3ccc(Br)cc3F)ncnc2cc1OCCNC(C)=O,False,0.5519834456031337
46,C=CC(=O)NCCOc1cc2ncnc(Nc3ccc(Br)cc3F)c2cc1NC(=O)C=C,True,0.8008616735016033
48,C=CC(=O)Nc1cc2c(Nc3c(F)cc(Br)cc3F)ncnc2cc1OCC1CCN(C(C)=O)CC1,True,0.846184178087686
49,C=CC(=O)Nc1cc2c(Nc3c(F)cc(Br)cc3F)ncnc2cc1OCCNC(=O)CN(C)C,True,0.760595785354763
50,C=CC(=O)Nc1cc2c(Nc3c(F)cc(Br)cc3F)ncnc2cc1OCCNC(C)=O,True,0.8348471053171845
51,C=CC(=O)Nc1cc2c(Nc3cc(C(=O)NOC)c(Br)cc3F)ncnc2cc1OCCNC(C)=O,True,0.933084993340551
52,C=CC(=O)Nc1cc2c(Nc3cc(Cl)c(Br)cc3F)ncnc2cc1OCCNC(=O)CN(C)C,True,0.8122914438014225
53,C=CC(=O)Nc1cc2c(Nc3cc(Cl)c(Br)cc3F)ncnc2cc1OCCNC(C)=O,True,0.898404983373139
54,C=CC(=O)Nc1cc2c(Nc3cc(Cl)c(Br)cc3F)ncnc2cc1OCCNCC(C)=O,True,0.9464604958661051
55,C=CC(=O)Nc1cc2c(Nc3cc(Cl)c(Cl)cc3Cl)ncnc2cc1OCCNC(C)=O,True,0.7081658903827601
56,C=CC(=O)Nc1cc2c(Nc3cc(Cl)c(Cl)cc3F)ncnc2cc1OCCN(C)C,True,0.5156732561729764
57,C=CC(=O)Nc1cc2c(Nc3cc(Cl)c(Cl)cc3F)ncnc2cc1OCCNC(=O)CN(C)C,True,0.6939171176631199
58,C=CC(=O)Nc1cc2c(Nc3cc(Cl)c(Cl)cc3F)ncnc2cc1OCCNC(=O)COC,True,0.7918594752766416
59,C=CC(=O)Nc1cc2c(Nc3cc(Cl)c(Cl)cc3F)ncnc2cc1OCCNC(=O)CS(C)(=O)=O,True,0.9250730807044436
60,C=CC(=O)Nc1cc2c(Nc3cc(Cl)c(Cl)cc3F)ncnc2cc1OCCNC(C)=O,True,0.8136891194866435
61,C=CC(=O)Nc1cc2c(Nc3cc(Cl)c(Cl)cc3F)ncnc2cc1OCCNCC(C)=O,True,0.8948525662768375
62,C=CC(=O)Nc1cc2c(Nc3cc(F)c(Br)cc3F)ncnc2cc1OCCNC(C)=O,True,0.9047580236091586
63,C=CC(=O)Nc1cc2c(Nc3cc(OC)c(Cl)cc3Cl)ncnc2cc1OCCNC(C)=O,False,0.5297170325575846
64,C=CC(=O)Nc1cc2c(Nc3cc(OC)c(Cl)cc3F)ncnc2cc1OCCNC(C)=O,True,0.6774037596204673
65,C=CC(=O)Nc1cc2c(Nc3cc(OC)c(Cl)cc3OC)ncnc2cc1OCCNC(=O)CN(C)C,False,0.27909194758252703
66,C=CC(=O)Nc1cc2c(Nc3cc(OC)c(Cl)cc3OC)ncnc2cc1OCCNC(C)=O,True,0.3732161008073623
67,C=CC(=O)Nc1cc2c(Nc3ccc(Br)c(Cl)c3)ncnc2cc1OCCNC(=O)CN(C)C,False,0.6732274298935245
68,C=CC(=O)Nc1cc2c(Nc3ccc(Br)c(Cl)c3F)ncnc2cc1OCC(C)NC(=O)CN(C)C,True,0.664631319893121
69,C=CC(=O)Nc1cc2c(Nc3ccc(Br)c(Cl)c3F)ncnc2cc1OCCNC(=O)CCCN(C)C,True,0.9436185714077155
70,C=CC(=O)Nc1cc2c(Nc3ccc(Br)c(Cl)c3F)ncnc2cc1OCCNC(=O)CCN(CC)CC,True,0.9499523746026725
71,C=CC(=O)Nc1cc2c(Nc3ccc(Br)c(Cl)c3F)ncnc2cc1OCCNC(=O)CCN1CCCCC1,True,0.9718117681406339
72,C=CC(=O)Nc1cc2c(Nc3ccc(Br)c(Cl)c3F)ncnc2cc1OCCNC(=O)CCO,True,0.9106218996891159
73,C=CC(=O)Nc1cc2c(Nc3ccc(Br)c(Cl)c3F)ncnc2cc1OCCNC(=O)CCOC,True,0.8928713131399858
74,C=CC(=O)Nc1cc2c(Nc3ccc(Br)c(Cl)c3F)ncnc2cc1OCCNC(=O)CN(C)C,True,0.8163285200191789
75,C=CC(=O)Nc1cc2c(Nc3ccc(Br)c(Cl)c3F)ncnc2cc1OCCNC(=O)CN(CC)CC,True,0.850783444071617
76,C=CC(=O)Nc1cc2c(Nc3ccc(Br)c(Cl)c3F)ncnc2cc1OCCNC(=O)CO,True,0.917732808085698
77,C=CC(=O)Nc1cc2c(Nc3ccc(Br)c(Cl)c3F)ncnc2cc1OCCNC(=O)COC,True,0.8835698971042525
78,C=CC(=O)Nc1cc2c(Nc3ccc(Br)c(Cl)c3F)ncnc2cc1OCCNC(=O)N1CCOCC1,True,0.9845994450395887
79,C=CC(=O)Nc1cc2c(Nc3ccc(Br)c(Cl)c3F)ncnc2cc1OCCNC(=O)NC(C)(C)C,True,0.9493313135495887
80,C=CC(=O)Nc1cc2c(Nc3ccc(Br)c(Cl)c3F)ncnc2cc1OCCNC(=O)NCC,True,0.9559979244422399
81,C=CC(=O)Nc1cc2c(Nc3ccc(Br)c(Cl)c3F)ncnc2cc1OCCNC(=O)NCCC,True,0.9618812196272636
82,C=CC(=O)Nc1cc2c(Nc3ccc(Br)c(Cl)c3F)ncnc2cc1OCCNC(=O)OC,True,0.8873626140832757
83,C=CC(=O)Nc1cc2c(Nc3ccc(Br)c(Cl)c3F)ncnc2cc1OCCNC(=S)NCC,True,0.9538492281314609
84,C=CC(=O)Nc1cc2c(Nc3ccc(Br)c(Cl)c3F)ncnc2cc1OCCNC(C)=O,True,0.9017040446706238
85,C=CC(=O)Nc1cc2c(Nc3ccc(Br)c(Cl)c3F)ncnc2cc1OCCNCC(C)=O,True,0.9455530401116949
86,C=CC(=O)Nc1cc2c(Nc3ccc(Br)c(Cl)c3F)ncnc2cc1OC[C@@H](C)NC(=O)CN(C)C,True,0.74829944687622
87,C=CC(=O)Nc1cc2c(Nc3ccc(Br)c(F)c3)ncnc2cc1OCCNC(=O)CN(C)C,False,0.6923623268213446
88,C=CC(=O)Nc1cc2c(Nc3ccc(Br)c(F)c3F)ncnc2cc1OCCNC(=O)CCCN(C)C,True,0.9471511037716602
89,C=CC(=O)Nc1cc2c(Nc3ccc(Br)c(F)c3F)ncnc2cc1OCCNC(=O)CCN(CC)CC,True,0.9428613007732323
90,C=CC(=O)Nc1cc2c(Nc3ccc(Br)c(F)c3F)ncnc2cc1OCCNC(=O)CCN1CCCCC1,True,0.97290924938283
91,C=CC(=O)Nc1cc2c(Nc3ccc(Br)c(F)c3F)ncnc2cc1OCCNC(=O)CN(C)C,True,0.8276188325116458
92,C=CC(=O)Nc1cc2c(Nc3ccc(Br)cc3C(F)(F)F)ncnc2cc1OCCNC(C)=O,False,0.6182312666096886
93,C=CC(=O)Nc1cc2c(Nc3ccc(Br)cc3Cl)ncnc2cc1OCCNC(C)=O,True,0.7592538793932495
94,C=CC(=O)Nc1cc2c(Nc3ccc(Br)cc3F)ncnc2cc1OC(C)CNC(C)=O,True,0.5635697639097944
95,C=CC(=O)Nc1cc2c(Nc3ccc(Br)cc3F)ncnc2cc1OC1CCCN(C(C)=O)C1,False,0.6679146356032045
96,C=CC(=O)Nc1cc2c(Nc3ccc(Br)cc3F)ncnc2cc1OC1CCN(C(C)=O)C1,False,0.565461920870963
97,C=CC(=O)Nc1cc2c(Nc3ccc(Br)cc3F)ncnc2cc1OCC(=O)NCCN(CC)CC,True,0.7247738448389708
98,C=CC(=O)Nc1cc2c(Nc3ccc(Br)cc3F)ncnc2cc1OCC(C)(C)NC(=O)CN(C)C,False,0.5951270485686513
99,C=CC(=O)Nc1cc2c(Nc3ccc(Br)cc3F)ncnc2cc1OCC(C)NC(=O)CCN(CC)CC,True,0.8311004481502843
100,C=CC(=O)Nc1cc2c(Nc3ccc(Br)cc3F)ncnc2cc1OCC(C)NC(=O)CN(C)C,True,0.4697323588209978
101,C=CC(=O)Nc1cc2c(Nc3ccc(Br)cc3F)ncnc2cc1OCC(C)NC(=O)NCCC,True,0.8707547027102233
102,C=CC(=O)Nc1cc2c(Nc3ccc(Br)cc3F)ncnc2cc1OCC(C)NC(C)=O,True,0.5891448627047747
103,C=CC(=O)Nc1cc2c(Nc3ccc(Br)cc3F)ncnc2cc1OCC(CC)NC(=O)CN(C)C,True,0.560836457350326
104,C=CC(=O)Nc1cc2c(Nc3ccc(Br)cc3F)ncnc2cc1OCC(CC)NC(C)=O,True,0.6733499122827712
105,C=CC(=O)Nc1cc2c(Nc3ccc(Br)cc3F)ncnc2cc1OCC(NC(=O)CN(C)C)C(C)C,False,0.5698370962213546
106,C=CC(=O)Nc1cc2c(Nc3ccc(Br)cc3F)ncnc2cc1OCC1=NCCO1,True,0.7608275099814583
107,C=CC(=O)Nc1cc2c(Nc3ccc(Br)cc3F)ncnc2cc1OCC1CCN(C(=O)C(F)(F)F)CC1,True,0.6986509979069704
108,C=CC(=O)Nc1cc2c(Nc3ccc(Br)cc3F)ncnc2cc1OCC1CCN(C(=O)C=C)CC1,True,0.8514951157912783
109,C=CC(=O)Nc1cc2c(Nc3ccc(Br)cc3F)ncnc2cc1OCC1CCN(C(=O)CN(C)C)CC1,True,0.7024227013262202
110,C=CC(=O)Nc1cc2c(Nc3ccc(Br)cc3F)ncnc2cc1OCC1CCN(C(=O)CS(C)(=O)=O)CC1,True,0.8964832506560976
111,C=CC(=O)Nc1cc2c(Nc3ccc(Br)cc3F)ncnc2cc1OCC1CCN(C(=O)NC(C)(C)C)CC1,True,0.9175999300915842
112,C=CC(=O)Nc1cc2c(Nc3ccc(Br)cc3F)ncnc2cc1OCC1CCN(C(=O)NCC)CC1,True,0.927423897448454
113,C=CC(=O)Nc1cc2c(Nc3ccc(Br)cc3F)ncnc2cc1OCC1CCN(C(=O)NCCC)CC1,True,0.9514569956767143
114,C=CC(=O)Nc1cc2c(Nc3ccc(Br)cc3F)ncnc2cc1OCC1CCN(C(C)=O)CC1,True,0.7956311415536218
115,C=CC(=O)Nc1cc2c(Nc3ccc(Br)cc3F)ncnc2cc1OCC1CCN(C(N)=O)CC1,True,0.5037841997794076
116,C=CC(=O)Nc1cc2c(Nc3ccc(Br)cc3F)ncnc2cc1OCC1CNC(=O)O1,True,0.7265065843197791
117,C=CC(=O)Nc1cc2c(Nc3ccc(Br)cc3F)ncnc2cc1OCCCC(=O)CN(C)C,True,0.7899596865679798
118,C=CC(=O)Nc1cc2c(Nc3ccc(Br)cc3F)ncnc2cc1OCCCCNC(C)=O,True,0.7663561465049399
119,C=CC(=O)Nc1cc2c(Nc3ccc(Br)cc3F)ncnc2cc1OCCCNC,True,0.8069664157321124
120,C=CC(=O)Nc1cc2c(Nc3ccc(Br)cc3F)ncnc2cc1OCCCNC(=O)C(F)(F)F,True,0.7198940797027586
121,C=CC(=O)Nc1cc2c(Nc3ccc(Br)cc3F)ncnc2cc1OCCCNC(=O)CN(C)C,True,0.7567679543559104
122,C=CC(=O)Nc1cc2c(Nc3ccc(Br)cc3F)ncnc2cc1OCCCNC(=O)CS(C)(=O)=O,True,0.9204608181135027
123,C=CC(=O)Nc1cc2c(Nc3ccc(Br)cc3F)ncnc2cc1OCCCNC(=O)NCC,True,0.9215973250606139
124,C=CC(=O)Nc1cc2c(Nc3ccc(Br)cc3F)ncnc2cc1OCCCNC(C)=O,True,0.8379770190705865
125,C=CC(=O)Nc1cc2c(Nc3ccc(Br)cc3F)ncnc2cc1OCCCNCC(C)=O,True,0.9130068580596298
126,C=CC(=O)Nc1cc2c(Nc3ccc(Br)cc3F)ncnc2cc1OCCCNCCC=O,True,0.9195513874280364
127,C=CC(=O)Nc1cc2c(Nc3ccc(Br)cc3F)ncnc2cc1OCCN,True,0.6388314120572952
128,C=CC(=O)Nc1cc2c(Nc3ccc(Br)cc3F)ncnc2cc1OCCN(C)C,True,0.3832143378813623
129,C=CC(=O)Nc1cc2c(Nc3ccc(Br)cc3F)ncnc2cc1OCCN(C)C(C)=O,True,0.484770818494781
130,C=CC(=O)Nc1cc2c(Nc3ccc(Br)cc3F)ncnc2cc1OCCNC,True,0.5897540352881399
131,C=CC(=O)Nc1cc2c(Nc3ccc(Br)cc3F)ncnc2cc1OCCNC(=O)/C=C/C,True,0.9040095414108741
132,C=CC(=O)Nc1cc2c(Nc3ccc(Br)cc3F)ncnc2cc1OCCNC(=O)/C=C/CC,True,0.9349058704071893
133,C=CC(=O)Nc1cc2c(Nc3ccc(Br)cc3F)ncnc2cc1OCCNC(=O)/C=C/CN(C)C,True,0.8200179536367093
134,C=CC(=O)Nc1cc2c(Nc3ccc(Br)cc3F)ncnc2cc1OCCNC(=O)/C=N/OC,True,0.9559039364671595
135,C=CC(=O)Nc1cc2c(Nc3ccc(Br)cc3F)ncnc2cc1OCCNC(=O)C(=C)C,True,0.8180037756244831
136,C=CC(=O)Nc1cc2c(Nc3ccc(Br)cc3F)ncnc2cc1OCCNC(=O)C(=O)O,True,0.9066029430569433
137,C=CC(=O)Nc1cc2c(Nc3ccc(Br)cc3F)ncnc2cc1OCCNC(=O)C(=O)OCC,True,0.925558381157623
138,C=CC(=O)Nc1cc2c(Nc3ccc(Br)cc3F)ncnc2cc1OCCNC(=O)C(C)C,True,0.8429709266586596
139,C=CC(=O)Nc1cc2c(Nc3ccc(Br)cc3F)ncnc2cc1OCCNC(=O)C(C)CN(C)C,True,0.822077093573955
140,C=CC(=O)Nc1cc2c(Nc3ccc(Br)cc3F)ncnc2cc1OCCNC(=O)C(C)N,True,0.8139340857755564
141,C=CC(=O)Nc1cc2c(Nc3ccc(Br)cc3F)ncnc2cc1OCCNC(=O)C(C)N(C)C,True,0.5697103147665138
142,C=CC(=O)Nc1cc2c(Nc3ccc(Br)cc3F)ncnc2cc1OCCNC(=O)C(CO)N(C)C,True,0.6095195062951894
143,C=CC(=O)Nc1cc2c(Nc3ccc(Br)cc3F)ncnc2cc1OCCNC(=O)C(COC)N(C)C,False,0.5444609987569634
144,C=CC(=O)Nc1cc2c(Nc3ccc(Br)cc3F)ncnc2cc1OCCNC(=O)C(F)(F)F,True,0.706690877854777
145,C=CC(=O)Nc1cc2c(Nc3ccc(Br)cc3F)ncnc2cc1OCCNC(=O)C(F)F,True,0.7632551120776327
146,C=CC(=O)Nc1cc2c(Nc3ccc(Br)cc3F)ncnc2cc1OCCNC(=O)C1CC1,True,0.9328538103032539
147,C=CC(=O)Nc1cc2c(Nc3ccc(Br)cc3F)ncnc2cc1OCCNC(=O)C1CCCN1,True,0.8888090238747147
148,C=CC(=O)Nc1cc2c(Nc3ccc(Br)cc3F)ncnc2cc1OCCNC(=O)C1CCCN1C,True,0.7517330568224587
149,C=CC(=O)Nc1cc2c(Nc3ccc(Br)cc3F)ncnc2cc1OCCNC(=O)C1CCCN1C(=O)CC,True,0.8729948622755128
150,C=CC(=O)Nc1cc2c(Nc3ccc(Br)cc3F)ncnc2cc1OCCNC(=O)C1CCCN1C(C)=O,True,0.8490907767883331
151,C=CC(=O)Nc1cc2c(Nc3ccc(Br)cc3F)ncnc2cc1OCCNC(=O)CC,True,0.8271267526983703
152,C=CC(=O)Nc1cc2c(Nc3ccc(Br)cc3F)ncnc2cc1OCCNC(=O)CC(C)N(C)C,True,0.7890229679520008
153,C=CC(=O)Nc1cc2c(Nc3ccc(Br)cc3F)ncnc2cc1OCCNC(=O)CCC,True,0.8811533381446425
154,C=CC(=O)Nc1cc2c(Nc3ccc(Br)cc3F)ncnc2cc1OCCNC(=O)CCCN(C)C,True,0.897995467743825
155,C=CC(=O)Nc1cc2c(Nc3ccc(Br)cc3F)ncnc2cc1OCCNC(=O)CCN,True,0.8748604199736835
156,C=CC(=O)Nc1cc2c(Nc3ccc(Br)cc3F)ncnc2cc1OCCNC(=O)CCN(C)C,True,0.8602528364436349
157,C=CC(=O)Nc1cc2c(Nc3ccc(Br)cc3F)ncnc2cc1OCCNC(=O)CCN(CC)CC,True,0.9106098533408878
158,C=CC(=O)Nc1cc2c(Nc3ccc(Br)cc3F)ncnc2cc1OCCNC(=O)CCN1CCCCC1,True,0.9474838064576294
159,C=CC(=O)Nc1cc2c(Nc3ccc(Br)cc3F)ncnc2cc1OCCNC(=O)CCO,True,0.84136005461692
160,C=CC(=O)Nc1cc2c(Nc3ccc(Br)cc3F)ncnc2cc1OCCNC(=O)CCOC,True,0.7922565859430897
161,C=CC(=O)Nc1cc2c(Nc3ccc(Br)cc3F)ncnc2cc1OCCNC(=O)CN,True,0.8566402347530155
162,C=CC(=O)Nc1cc2c(Nc3ccc(Br)cc3F)ncnc2cc1OCCNC(=O)CN(C)C,True,0.6723625797293689
163,C=CC(=O)Nc1cc2c(Nc3ccc(Br)cc3F)ncnc2cc1OCCNC(=O)CN(C)CC,True,0.7528916275425348
164,C=CC(=O)Nc1cc2c(Nc3ccc(Br)cc3F)ncnc2cc1OCCNC(=O)CN(CC)CC,True,0.7412939839253538
165,C=CC(=O)Nc1cc2c(Nc3ccc(Br)cc3F)ncnc2cc1OCCNC(=O)CN1CC=CC1,True,0.941890772932319
166,C=CC(=O)Nc1cc2c(Nc3ccc(Br)cc3F)ncnc2cc1OCCNC(=O)CN1CCC1,True,0.8929091445172568
167,C=CC(=O)Nc1cc2c(Nc3ccc(Br)cc3F)ncnc2cc1OCCNC(=O)CN1CCCC1,True,0.9118404125653194
168,C=CC(=O)Nc1cc2c(Nc3ccc(Br)cc3F)ncnc2cc1OCCNC(=O)CN1CCCCC1,True,0.9302482030430614
169,C=CC(=O)Nc1cc2c(Nc3ccc(Br)cc3F)ncnc2cc1OCCNC(=O)CN1CCN(C)CC1,True,0.7991478990784261
171,C=CC(=O)Nc1cc2c(Nc3ccc(Br)cc3F)ncnc2cc1OCCNC(=O)CNC,True,0.7487324105731231
172,C=CC(=O)Nc1cc2c(Nc3ccc(Br)cc3F)ncnc2cc1OCCNC(=O)CO,True,0.8456726974058147
173,C=CC(=O)Nc1cc2c(Nc3ccc(Br)cc3F)ncnc2cc1OCCNC(=O)COC,True,0.788175500457822
174,C=CC(=O)Nc1cc2c(Nc3ccc(Br)cc3F)ncnc2cc1OCCNC(=O)CS(C)(=O)=O,True,0.9146278644828304
175,C=CC(=O)Nc1cc2c(Nc3ccc(Br)cc3F)ncnc2cc1OCCNC(=O)CSC,True,0.6747433018774639
176,C=CC(=O)Nc1cc2c(Nc3ccc(Br)cc3F)ncnc2cc1OCCNC(=O)N1CCN(C(C)=O)CC1,True,0.8708874349526177
177,C=CC(=O)Nc1cc2c(Nc3ccc(Br)cc3F)ncnc2cc1OCCNC(=O)N1CCN(C)CC1,True,0.7995945178980436
178,C=CC(=O)Nc1cc2c(Nc3ccc(Br)cc3F)ncnc2cc1OCCNC(=O)N1CCNCC1,True,0.9182532611403066
179,C=CC(=O)Nc1cc2c(Nc3ccc(Br)cc3F)ncnc2cc1OCCNC(=O)N1CCOCC1,True,0.9656616558232407
180,C=CC(=O)Nc1cc2c(Nc3ccc(Br)cc3F)ncnc2cc1OCCNC(=O)NC(C)C,True,0.9211505663070908
181,C=CC(=O)Nc1cc2c(Nc3ccc(Br)cc3F)ncnc2cc1OCCNC(=O)NC(C)CC,True,0.9099799612078663
182,C=CC(=O)Nc1cc2c(Nc3ccc(Br)cc3F)ncnc2cc1OCCNC(=O)NCC,True,0.9076944385757604
183,C=CC(=O)Nc1cc2c(Nc3ccc(Br)cc3F)ncnc2cc1OCCNC(=O)NCCC,True,0.9210633052539536
184,C=CC(=O)Nc1cc2c(Nc3ccc(Br)cc3F)ncnc2cc1OCCNC(=O)OC,True,0.771957787208376
185,C=CC(=O)Nc1cc2c(Nc3ccc(Br)cc3F)ncnc2cc1OCCNC(=O)c1ccc[nH]1,True,0.9110702761834014
186,C=CC(=O)Nc1cc2c(Nc3ccc(Br)cc3F)ncnc2cc1OCCNC(=O)c1cccs1,True,0.8769226206716244
187,C=CC(=O)Nc1cc2c(Nc3ccc(Br)cc3F)ncnc2cc1OCCNC(=S)NC,True,0.8925649013012042
188,C=CC(=O)Nc1cc2c(Nc3ccc(Br)cc3F)ncnc2cc1OCCNC(=S)NCC,True,0.9030113546659626
189,C=CC(=O)Nc1cc2c(Nc3ccc(Br)cc3F)ncnc2cc1OCCNC(C)=O,True,0.7821250494248528
190,C=CC(=O)Nc1cc2c(Nc3ccc(Br)cc3F)ncnc2cc1OCCNC(N)=O,True,0.5549102059370777
191,C=CC(=O)Nc1cc2c(Nc3ccc(Br)cc3F)ncnc2cc1OCCNCC(C)=O,True,0.8901408361340131
192,C=CC(=O)Nc1cc2c(Nc3ccc(Br)cc3F)ncnc2cc1OCCNS(C)(=O)=O,True,0.7669850426841192
193,C=CC(=O)Nc1cc2c(Nc3ccc(Br)cc3F)ncnc2cc1OCCNc1nccs1,True,0.7866570138522527
195,C=CC(=O)Nc1cc2c(Nc3ccc(Br)cc3F)ncnc2cc1OCCOCCOC(=O)CC(=O)O,True,0.9246221153987104
196,C=CC(=O)Nc1cc2c(Nc3ccc(Br)cc3F)ncnc2cc1OCCOCCOC(=O)CC(=O)OCC,True,0.9199781479546897
197,C=CC(=O)Nc1cc2c(Nc3ccc(Br)cc3F)ncnc2cc1OC[C@@H](C)NC(C)=O,True,0.6826533592654364
198,C=CC(=O)Nc1cc2c(Nc3ccc(Br)cc3F)ncnc2cc1OC[C@H](C)NC(C)=O,True,0.6826533592654364
199,C=CC(=O)Nc1cc2c(Nc3ccc(Br)cc3F)ncnc2cc1OCc1ccncc1,True,0.6737574005657821
200,C=CC(=O)Nc1cc2c(Nc3ccc(Br)cc3F)ncnc2cc1SCCNC(C)=O,True,0.5056942656945975
201,C=CC(=O)Nc1cc2c(Nc3ccc(Cl)cc3Cl)ncnc2cc1OCCNC(C)=O,True,0.6018305505081556
202,C=CC(=O)Nc1cc2c(Nc3ccc(Cl)cc3F)ncnc2cc1OCCNC(=O)CN(C)C,True,0.5803752184691914
203,C=CC(=O)Nc1cc2c(Nc3ccc(Cl)cc3F)ncnc2cc1OCCNC(C)=O,True,0.7015207211206442
204,C=CC(=O)Nc1cc2c(Nc3ccc(Cl)nc3)ncnc2cc1OCCNC(C)=O,True,0.6854004113380673
207,C=CC(=O)Nc1cc2c(Nc3ccc(F)c(F)c3F)ncnc2cc1OCC1CCN(C(C)=O)CC1,True,0.8529310153895352
208,C=CC(=O)Nc1cc2c(Nc3ccc(F)c(F)c3F)ncnc2cc1OCCNC(C)=O,True,0.8668703283471137
209,C=CC(=O)Nc1cc2c(Nc3ccc(F)cc3F)ncnc2cc1OCCNC(=O)CN(C)C,True,0.6448523154367396
210,C=CC(=O)Nc1cc2c(Nc3ccc(OCc4cccnc4)c(Cl)c3)ncnc2cc1OCCNC(C)=O,True,0.7703543559907076
211,C=CC(=O)Nc1cc2c(Nc3cccc(Cl)c3F)ncnc2cc1OCCNC(=O)CN(C)C,True,0.6288955428968876
229,C=CCCOc1cc2ncnc(Nc3ccc(Br)cc3F)c2cc1NC(=O)C=C,True,0.8492248662862227
234,C=CCNC(=O)NCCOc1cc2ncnc(Nc3ccc(Br)cc3F)c2cc1NC(=O)C=C,True,0.9487294685187468
242,C=CNC(=O)NCCOc1cc2ncnc(Nc3ccc(Br)cc3F)c2cc1NC(=O)C=C,True,0.938092875378757
557,CCC(=O)Nc1cc2c(Nc3ccc(Br)cc3F)ncnc2cc1OCCNC(C)=O,True,0.561343520821546
611,CCCCOc1cc2c(Nc3ccc(Br)cc3F)ncnc2cc1OCCN(CC)CC,False,0.36517447616425086
1119,CN(C)C/C=C/C(=O)Nc1ccc2ncnc(Nc3ccc(Br)cc3F)c2c1,False,0.25444270010435877
2720,COc1cc2c(Nc3ccc(Br)cc3F)ncnc2cc1OCC1CCN(/C(N)=N/C#N)CC1,True,0.846522816191221
2721,COc1cc2c(Nc3ccc(Br)cc3F)ncnc2cc1OCC1CCN(C(=O)Cn2cncc2[N+](=O)[O-])CC1,True,0.7870975060368672
2724,COc1cc2c(Nc3ccc(Br)cc3F)ncnc2cc1OCCNC(=O)Cn1cnc([N+](=O)[O-])n1,True,0.776166509575303
2725,COc1cc2c(Nc3ccc(Br)cc3F)ncnc2cc1OCCOCCNC(=O)Cn1cnc([N+](=O)[O-])n1,True,0.7927676499572741
2726,COc1cc2c(Nc3ccc(Br)cc3F)ncnc2cc1OCCOCCOCCNC(=O)Cn1cnc([N+](=O)[O-])n1,True,0.7484695434205177
2905,COc1cc2c(Nc3ccc(Cl)cc3F)ncnc2cc1OCCNC(=O)CCCCC1SCC2NC(=O)NC21,False,0.26039983804509065
983,CCOc1cc2ncnc(NC3=CC(=O)C(OCc4ccc(F)c(F)c4)=CC3=O)c2cc1NC(=O)/C=C/CN(C)C,True,0.9666239067435488
1221,CN1CCC(COc2ccc3c(Nc4ccc(NC(=O)Nc5ccc(Br)cc5F)cc4)ncnc3c2)CC1,True,0.8704118436189179
985,CCOc1cc2ncnc(NC3=CC(=O)C(OCc4cccc(Cl)c4)=CC3=O)c2cc1NC(=O)/C=C/CN(C)C,True,0.9384591034486296
986,CCOc1cc2ncnc(NC3=CC(=O)C(OCc4cccc(F)c4)=CC3=O)c2cc1NC(=O)/C=C/CN(C)C,True,0.9572483839426239
1980,COCCOc1ccc2c(Nc3cc(O)c(Cl)cc3F)ncnc2c1,True,0.37115330960473003
3226,COc1cc2ncnc(Nc3cccc(Cl)c3F)c2cc1CN(CCN(C)C)[C@@H](C)C(N)=O,False,0.03943694179067147
2907,COc1cc2c(Nc3ccc(Cl)cc3F)ncnc2cc1OCCOCCNC(=O)CCCCC1SCC2NC(=O)NC21,False,0.30896171507163933
2889,COc1cc2c(Nc3ccc(Cl)c(Cl)c3F)ncnc2cc1OCCOCCNC(=O)Cn1cnc([N+](=O)[O-])n1,True,0.8219319640462805
2711,COc1cc2c(Nc3ccc(Br)c(Cl)c3F)ncnc2cc1OC[C@@H]1CN2CCC[C@H]2C(=O)N1,True,0.7286290555595395
1887,COCCN(Cc1cc2c(Nc3cccc(Cl)c3F)ncnc2cc1OC)[C@@H](C)C(N)=O,False,0.05715426592034367
1225,CN1CCC(COc2ccc3c(Nc4ccc(NC(=O)Nc5cccc(F)c5)c(F)c4)ncnc3c2)CC1,True,0.8851185210204052
838,CCNC(=O)Nc1ccc(Nc2ncnc3cc(OCC4CCN(C)CC4)ccc23)cc1,True,0.4802450231396805
987,CCOc1cc2ncnc(NC3=CC(=O)C(OCc4ccccc4)=CC3=O)c2cc1NC(=O)/C=C/CN(C)C,True,0.905948525604536
984,CCOc1cc2ncnc(NC3=CC(=O)C(OCc4cccc(C)c4)=CC3=O)c2cc1NC(=O)/C=C/CN(C)C,True,0.941505951221772
981,CCOc1cc2ncc(C#N)c(Nc3ccc(F)c(Cl)c3)c2cc1NC(=O)/C=C/CN(C)C,False,0.30635554021004036
988,CCOc1cc2ncnc(NC3=CC(=O)C(OCc4cccs4)=CC3=O)c2cc1NC(=O)/C=C/CN(C)C,True,0.9563493426322792
5592,O=C(/C=C/CN1CC2CCC1C(=O)C2)Nc1cc2c(Nc3ccc(F)c(Cl)c3)ncnc2s1,False,0.1427696285578976
1217,CN1CCC(COc2ccc3c(Nc4ccc(CC(=O)Nc5ccc(F)c(F)c5)cc4)ncnc3c2)CC1,True,0.7099398201436167
1293,CN1CCN(Cc2ccc(NC(=O)Nc3ccc4ncnc(Nc5ccc(OCc6cccc(F)c6)c(Cl)c5)c4c3)cc2)CC1,False,0.40432125255407775
1435,CNC(=O)[C@H]1CCCN1Cc1cc2c(Nc3cccc(Cl)c3F)ncnc2cc1OC,False,0.25356837795370857
1892,COCCN1CC(C(N)=O)(N(C)Cc2cc3c(Nc4cccc(Cl)c4F)ncnc3cc2OC)C1,False,0.02921257649297373
2003,COCC[C@@H](C(N)=O)N(C)Cc1cc2c(Nc3cccc(Cl)c3F)ncnc2cc1OC,False,0.031059348281853708
3215,COc1cc2ncnc(Nc3cccc(Cl)c3F)c2cc1CN(C)C1(C(N)=O)CCN(C(C)C)CC1,False,0.054829246994251984
3216,COc1cc2ncnc(Nc3cccc(Cl)c3F)c2cc1CN(C)C1(C(N)=O)CCN(C)CC1,False,0.03693101914076002
3217,COc1cc2ncnc(Nc3cccc(Cl)c3F)c2cc1CN(C)C1(C(N)=O)CN(C(C)C)C1,False,0.03518553007103091
3218,COc1cc2ncnc(Nc3cccc(Cl)c3F)c2cc1CN(C)C1(C(N)=O)CN(C)C1,False,0.011097397652564159
3219,COc1cc2ncnc(Nc3cccc(Cl)c3F)c2cc1CN(C)C1CCNC1=O,False,0.12946052058827812
3222,COc1cc2ncnc(Nc3cccc(Cl)c3F)c2cc1CN(C)[C@@H](CN(C)C)C(N)=O,False,0.01571145260601189
3228,COc1cc2ncnc(Nc3cccc(Cl)c3F)c2cc1CN1CCC1C(N)=O,False,0.03163659662140814
3230,COc1cc2ncnc(Nc3cccc(Cl)c3F)c2cc1CN1CCCC[C@@H]1C(N)=O,False,0.10096881212987112
3231,COc1cc2ncnc(Nc3cccc(Cl)c3F)c2cc1CN1CCC[C@@H]1C(=O)N(C)C,False,0.20489689394965552
3232,COc1cc2ncnc(Nc3cccc(Cl)c3F)c2cc1CN1CCC[C@@H]1C(N)=O,False,0.0704052628970183
3233,COc1cc2ncnc(Nc3cccc(Cl)c3F)c2cc1CN1CCC[C@H]1C(N)=O,False,0.0704052628970183
3234,COc1cc2ncnc(Nc3cccc(Cl)c3F)c2cc1CN1CCC[C@H]1CC(N)=O,False,0.11089590607327017
3235,COc1cc2ncnc(Nc3cccc(Cl)c3F)c2cc1CN1CCN(C)CC1C(N)=O,False,0.02134920538131615
3236,COc1cc2ncnc(Nc3cccc(Cl)c3F)c2cc1CN1CCOCC1C(N)=O,False,0.1642943809569345
3237,COc1cc2ncnc(Nc3cccc(Cl)c3F)c2cc1CN1CC[C@H](C(N)=O)C1,False,0.08256403207826278
3238,COc1cc2ncnc(Nc3cccc(Cl)c3F)c2cc1CN1C[C@H](OC)C[C@@H]1C(N)=O,False,0.04241421126423788
454,CC(C)S(=O)(=O)c1ccccc1Nc1nc(Nc2cccc(NC(=O)CN)c2)ncc1Cl,False,0.15013761847580462
1850,COC(=O)c1cn2ncnc(Oc3ccc4[nH]c(C)cc4c3F)c2c1C,True,0.6402942494740727
4120,Cc1cc2c(F)c(Oc3ncnn4cc(OCCCNS(C)(=O)=O)c(C)c34)ccc2[nH]1,True,0.8105834935003587
2979,COc1cc2c(Oc3ccc(N/C=C4\C(=O)NC(=O)N(c5ccc(C)cc5)C4=O)cc3F)ccnc2cc1OCCCN1CCCC1,True,0.8598754495258752
2986,COc1cc2c(Oc3ccc(NC(=O)NS(=O)(=O)Cc4ccc(F)cc4)cc3F)ccnc2cc1OCCCN1CCCC1,True,0.774869456367002
